Word,Katakana,Emotion,seikika,pos_neg
哀,アイ,悲,,neg
愛,アイ,好親安尊,,pos
相いれない,アイイレナイ,不,,neg
哀感,アイカン,悲,,neg
愛敬,アイキョウ,親,,pos
愛好,アイコウ,好親,,pos
哀愁,アイシュウ,悲,,neg
愛執,アイシュウ,好,,pos
哀傷,アイショウ,悲失痛,,neg
愛情,アイジョウ,好親,,pos
愛する,アイスル,好親,,pos
哀惜,アイセキ,悲,,neg
哀切,アイセツ,悲,,neg
愛想を尽かす,アイソオツカス,嫌,,neg
愛着,アイチャク,好親,,pos
哀悼,アイトウ,悲,,neg
愛慕,アイボ,好尊親安,,pos
愛欲,アイヨク,好,,pos
愛らしい,アイラシイ,好,,pos
青息吐息,アオイキトイキ,ふ辛心,,neg
仰ぐ,アオグ,尊,,pos
青筋を立てる,アオスジヲタテル,怒興,,neg
赤恥,アカッパジ,恥,,neg
赤らむ,アカラム,恥,,neg
赤らめる,アカラメル,恥,,neg
崇める,アガメル,尊,,pos
飽き飽き,アキアキ,不,,neg
飽き足りる,アキタリル,幸,,pos
諦め,アキラメ,悔情残,,neg
諦める,アキラメル,悔情残,,neg
飽きる,アキル,不,,neg
呆れ返る,アキレカエル,あ,,neg
呆れ果てる,アキレハテル,あ,,neg
呆れる,アキレル,あ,,neg
悪感情,アクカンジョウ,嫌,,neg
倦む,アグム,悩鬱,,neg
憧れ,アコガレ,尊親,,pos
憧れる,アコガレル,尊親,,pos
浅ましい,アサマシイ,あ憐見,,neg
嘲る,アザケル,見,,neg
味気ない,アジケナイ,不,,neg
焦り,アセリ,焦,,neg
焦る,アセル,焦,,neg
唖然,アゼン,驚,,pos
頭に来る,アタマニクル,怒,,neg
頭を悩ませる,アタマヲナヤマセル,悩,,neg
当たり散らす,アタリチラス,怒,,neg
あッ,アッ,驚,,pos
あっけない,アッケナイ,不,,neg
呆気に取られる,アッケニトラレル,驚,,pos
圧迫感,アッパクカン,苦,,neg
熱い,アツイ,興不,,pos
熱いものがこみ上げる,アツイモノガコミアゲル,興,,pos
厚かましい,アツカマシイ,不,,neg
熱くなる,アツクナル,興,,pos
暑苦しい,アツクルシイ,不,,neg
後味が良くない,アトアジガヨクナイ,不,,neg
後味が宜しくない,アトアジガヨロシクナイ,不,,neg
後味が悪い,アトアジガワルイ,不,,neg
侮る,アナドル,見,,neg
阿鼻叫喚,アビキョウカン,辛苦,,neg
危ない,アブナイ,ふ,,neg
あほらしい,アホラシイ,あ見,,neg
荒々しい,アラアラシイ,不,,neg
あらッ,アラッ,驚,,pos
ありがたい,アリガタイ,感,,pos
ありがたみ,アリガタミ,感,,pos
ありがた迷惑,アリガタメイワク,不,,neg
ありがと,アリガト,感,,pos
ありがとう,アリガトウ,感,,pos
ありゃ,アリャ,驚,,pos
慌てふためく,アワテフタメク,焦,,neg
慌てる,アワテル,焦,,neg
哀れ,アワレ,憐,,neg
憐れ,アワレ,憐,,neg
憐れみ,アワレミ,憐,,neg
憐れむ,アワレム,憐,,neg
安逸,アンイツ,安楽,,pos
暗鬱,アンウツ,鬱,,neg
安閑,アンカン,安穏,,pos
案外,アンガイ,驚不,,pos
安心,アンシン,安穏,,pos
案ずる,アンズル,心,,neg
暗然,アンゼン,悲鬱,,neg
安息感,アンソクカン,安,,pos
暗澹,アンタン,ふ鬱,,neg
安定,アンテイ,穏,,neg
安堵,アンド,安穏,,pos
安寧,アンネイ,安穏,,pos
安楽,アンラク,安穏,,pos
怡怡,イイ,喜楽,,pos
言い寄る,イイヨル,不好,,neg
いかがわしい,イカガワシイ,不,,neg
厳つい,イカツイ,不,,neg
怒らす,イカラス,怒,,neg
怒り,イカリ,怒,,neg
怒りが爆発する,イカリガバクハツスル,怒興,,neg
怒り狂う,イカリクルウ,怒,,neg
遺憾,イカン,残,,neg
意外,イガイ,驚,,pos
啀み合う,イガミアウ,見怒,,neg
啀む,イガム,怒,,neg
息を詰める,イキオツメル,ふ,,neg
息が詰まる,イキガツマル,不,,neg
息苦しい,イキグルシイ,苦不,,neg
息苦しさ,イキグルシサ,苦不,,neg
意気軒昂,イキケンコウ,興,,pos
意気消沈,イキショウチン,鬱,,neg
憤り,イキドオリ,怒,,neg
憤る,イキドオル,怒,,neg
行き悩む,イキナヤム,悩,,neg
生き恥,イキハジ,恥,,neg
息巻く,イキマク,怒,,neg
熱り立つ,イキリタツ,怒興,,neg
息を飲む,イキヲノム,驚怖,,pos
息を潜める,イキヲヒソメル,緊,,neg
いけ好かない,イケスカナイ,不嫌,,neg
いけ図々しい,イケズウズウシイ,不嫌,,neg
依怙地になる,イコジニナル,怒,,neg
遺恨,イコン,恨残,,neg
勇ましい,イサマシイ,興,,pos
意趣,イシュ,恨,,neg
萎縮,イシュク,ふ心,,neg
意地汚い,イジキタナイ,不嫌,,neg
意地悪,イジワル,不嫌,,neg
いそいそ,イソイソ,喜,,pos
意想外,イソウガイ,驚,,pos
痛い,イタイ,辛苦,,neg
痛々しい,イタイタシイ,憐,,neg
居た堪れない,イタタマレナイ,不,,neg
痛ましい,イタマシイ,憐,,neg
痛み,イタミ,辛苦,,neg
痛み入る,イタミイル,恐感,,neg
悼む,イタム,悲,,neg
痛める,イタメル,辛苦,,neg
いちゃもんを付ける,イチャモンヲツケル,不怒,,neg
一憂,イチユウ,鬱,,neg
一喜,イッキ,喜,,pos
一驚,イッキョウ,驚,,pos
慈しみ,イツクシミ,親,,pos
慈しむ,イツクシム,親,,pos
逸楽,イツラク,楽,,pos
厭う,イトウ,嫌,,neg
愛おしい,イトオシイ,好親安,,pos
愛おしむ,イトオシム,好親安,,pos
愛しい,イトシイ,好親安,,pos
愛しがる,イトシガル,好親安,,pos
愛しさ,イトシサ,好親安,,pos
厭わしい,イトワシイ,嫌,,neg
厭わしさ,イトワシサ,嫌,,neg
畏怖,イフ,怖,,neg
忌忌しい,イマイマシイ,嫌恐,,neg
忌忌しがる,イマイマシガル,嫌,,neg
忌まわしい,イマワシイ,嫌,,neg
忌み嫌う,イミキラウ,嫌,,neg
忌む,イム,嫌,,neg
嫌,イヤ,嫌,,neg
厭,イヤ,嫌,,neg
厭厭,イヤイヤ,嫌不,,neg
厭がる,イヤガル,嫌,,neg
嫌気,イヤケ,嫌,,neg
卑しい,イヤシイ,見,,neg
卑しむ,イヤシム,見,,neg
嫌味,イヤミ,嫌,,neg
厭らしい,イヤラシイ,不嫌,,neg
苛苛しい,イライラシイ,怒,,neg
苛苛する,イライラスル,怒,,neg
苛立たしい,イラダタシイ,怒,,neg
苛立たしさ,イラダタシサ,怒,,neg
苛立ち,イラダチ,怒,,neg
苛立つ,イラダツ,怒,,neg
苛立てる,イラダテル,怒,,neg
色を失う,イロヲウシナウ,心怖,,neg
色をなす,イロヲナス,怒,,neg
陰鬱,インウツ,鬱,,neg
陰気,インキ,鬱,,neg
陰気臭い,インキクサイ,不嫌,,neg
陰惨,インサン,憐,,neg
陰湿,インシツ,不嫌,,neg
浮かされる,ウカサレル,苦辛好,,neg
浮かぬ顔,ウカヌカオ,悩鬱,,neg
浮かれる,ウカレル,楽興,,pos
浮き足立つ,ウキアシタツ,ふ心,,neg
うきうきする,ウキウキスル,楽興喜,,pos
浮き立つ,ウキタツ,楽興ふ焦,,pos
憂き目,ウキメ,辛悲,,neg
憂さ,ウサ,鬱,,neg
胡散臭い,ウサンクサイ,不,,neg
後ろめたい,ウシロメタイ,ふ焦,,neg
後ろめたさ,ウシロメタサ,ふ焦,,neg
薄気味悪い,ウスキミワルイ,不,,neg
薄汚い,ウスギタナイ,不,,neg
うずうず,ウズウズ,興,,pos
打ち萎れる,ウチシオレル,残,,neg
打ち拉がれる,ウチヒシガレル,残,,neg
有頂天,ウチョウテン,誇,,pos
鬱気,ウッキ,鬱,,neg
鬱屈,ウックツ,鬱,,neg
鬱散,ウッサン,鬱,,neg
鬱積,ウッセキ,鬱,,neg
鬱陶しい,ウットウシイ,不嫌,,neg
鬱陶しさ,ウットウシサ,不嫌,,neg
うっとり,ウットリ,好安,,pos
鬱憤,ウップン,怒恨不,,neg
鬱,ウツ,鬱,,neg
鬱鬱と,ウツウツト,鬱,,neg
俯き,ウツムキ,鬱悩辛苦ふ,,neg
俯く,ウツムク,鬱悩辛苦ふ,,neg
鬱悶,ウツモン,悩苦辛鬱ふ,,neg
虚,ウツロ,鬱,,neg
疎ましい,ウトマシイ,嫌,,neg
疎む,ウトム,嫌,,neg
疎んじる,ウトンジル,嫌,,neg
疎んずる,ウトンズル,嫌,,neg
美味い,ウマイ,幸,,pos
旨い,ウマイ,幸,,pos
上手い,ウマイ,動,,pos
呻き声,ウメキゴエ,苦,,neg
呻く,ウメク,苦,,neg
敬う,ウヤマウ,尊,,pos
うら悲しい,ウラガナシイ,悲,,neg
うら淋しい,ウラサビシイ,寂,,neg
うら寂しい,ウラサビシイ,寂,,neg
恨み,ウラミ,恨,,neg
恨みがましい,ウラミガマシイ,恨,,neg
恨む,ウラム,恨,,neg
恨めしい,ウラメシイ,恨憎残情,,neg
恨めしがる,ウラメシガル,恨憎残情,,neg
恨めしく思う,ウラメシクオモウ,恨憎残情,,neg
羨ましい,ウラヤマシイ,不妬,,neg
羨ましがる,ウラヤマシガル,不妬,,neg
羨む,ウラヤム,不妬,,neg
五月蝿い,ウルサイ,不怒,,neg
麗しい,ウルワシイ,好,,pos
憂い,ウレイ,悲辛苦,,neg
愁い,ウレイ,心悲,,neg
愁え,ウレイ,心悲,,neg
憂える,ウレエル,心,,neg
嬉しい,ウレシイ,喜,,pos
嬉しかった,ウレシカッタ,喜,,pos
嬉しがらせ,ウレシガラセ,喜,,pos
嬉しがらせる,ウレシガラセル,喜,,pos
嬉しがる,ウレシガル,喜,,pos
嬉しさ,ウレシサ,喜,,pos
嬉し泣き,ウレシナキ,喜,,pos
嬉し涙,ウレシナミダ,喜,,pos
嬉しみ,ウレシミ,喜,,pos
憂わしい,ウレワシイ,憐,,neg
狼狽える,ウロタエル,驚焦,,pos
上擦る,ウワズル,興怒,,pos
うんざり,ウンザリ,不嫌,,neg
詠嘆,エイタン,動,,pos
笑顔,エガオ,幸安,,pos
依怙贔屓,エコヒイキ,不嫌,,neg
えッ,エッ,驚,,pos
悦,エツ,喜,,pos
笑壺に入る,エツボニハイル,喜,,pos
悦楽,エツラク,喜楽,,pos
恵比寿顔,エビスガオ,喜楽安,,pos
笑み,エミ,幸安,,pos
笑む,エム,幸安,,pos
厭悪,エンオ,嫌恨不,,neg
怨恨,エンコン,恨,,neg
怨嗟,エンサ,恨,,neg
怨色,エンショク,恨,,neg
えーっ,エーッ,驚,,pos
おいおい,オイオイ,あ見,,neg
美味しい,オイシイ,幸,,pos
謳歌,オウカ,幸楽喜,,pos
嘔吐,オウト,辛苦,,neg
懊悩,オウノウ,悩苦,,neg
大恥,オウハジ,恥,,neg
大喜び,オウヨロコビ,喜,,pos
嗚咽,オエツ,苦辛,,neg
おぉ,オォ,驚,,pos
おお,オオ,驚,,pos
男男しい,オオシイ,興,,pos
岡惚れ,オカボレ,好,,pos
岡焼き,オカヤキ,妬,,neg
御気に入り,オキニイリ,好,,pos
お気に入り,オキニハイリ,好,,pos
臆する,オクスル,た,,neg
臆病,オクビョウ,た焦驚,,neg
臆面,オクメン,た,,neg
臆面もなく,オクメンモナク,不,,neg
怒らせる,オコラセル,怒,,neg
怒り出す,オコリダス,怒,,neg
怒り付ける,オコリツケル,怒,,neg
怒る,オコル,怒,,neg
惜しい,オシイ,悔,,neg
惜しがる,オシガル,残,,neg
惜し気,オシゲ,残,,neg
押し付けがましい,オシツケガマシイ,不嫌,,neg
惜しむ,オシム,残悲,,neg
怖気付く,オジケツク,怖,,neg
汚辱,オジョク,怒不,,neg
恐る恐る,オソルオソル,怖,,neg
恐れ,オソレ,恐怖,,neg
恐れ入る,オソレイル,恐,,neg
恐れ多い,オソレオオイ,恐,,neg
恐れる,オソレル,怖,,neg
恐ろしい,オソロシイ,怖,,neg
恐ろしがる,オソロシガル,怖,,neg
恐ろしさ,オソロシサ,怖,,neg
おぞましい,オゾマシイ,怖嫌不,,neg
落ち着かない,オチツカナイ,ふ焦あ,,neg
落ち着き,オチツキ,穏,,neg
落ち着き払う,オチツキハラウ,穏,,neg
落ち着く,オチツク,穏,,neg
落ち着ける,オチツケル,穏,,neg
おっ,オッ,驚,,pos
おっかない,オッカナイ,怖,,neg
躍り上がる,オドリアガル,楽,,pos
おどろおどろしい,オドロオドロシイ,怖不嫌,,neg
驚かす,オドロカス,驚,,pos
驚き,オドロキ,驚,,pos
驚き呆れる,オドロキアキレル,あ驚,,neg
驚き入る,オドロキイル,驚,,pos
驚く,オドロク,驚,,pos
戦き,オノノキ,怖,,neg
戦く,オノノク,怖興,,neg
怯え,オビエ,怖驚,,neg
怯え切る,オビエキル,怖,,neg
怯える,オビエル,怖,,neg
思し召す,オボシメス,尊,,pos
溺れる,オボレル,苦辛好,,neg
怖めず臆せず,オメズオクセズ,穏,,neg
おめでたい,オメデタイ,祝,,pos
おめでとう,オメデトウ,祝,,pos
おもいがけない,オモイガケナイ,驚,,pos
思い屈する,オモイクッスル,鬱,,neg
思い焦がれる,オモイコガレル,尊,,pos
思い詰める,オモイツメル,鬱悩,,neg
思い悩む,オモイナヤム,鬱苦,,neg
思い残す,オモイノコス,悔,,neg
思いの外,オモイノホカ,驚,,pos
思い惑う,オモイマドウ,困,,neg
思い迷う,オモイマヨウ,困,,neg
思いも寄らず,オモイモヨラズ,驚,,pos
思いも寄らない,オモイモヨラナイ,驚,,pos
思いも寄らぬ,オモイモヨラヌ,驚,,pos
思い遣り,オモイヤリ,安親,,pos
思い遣る,オモイヤル,安親,,pos
思い煩う,オモイワズラウ,悩苦,,neg
重苦しい,オモクルシイ,苦不,,neg
重苦しさ,オモクルシサ,苦不,,neg
面白い,オモシロイ,楽,,pos
面白かった,オモシロカッタ,楽,,pos
面白がる,オモシロガル,楽,,pos
面白くない,オモシロクナイ,不,,neg
面憎い,オモニクイ,嫌恨,,neg
重荷を下ろす,オモニヲオロス,安,,pos
面映い,オモハユイ,恥,,neg
おもろい,オモロイ,楽,,pos
重んじる,オモンジル,尊,,pos
親心,オヤゴコロ,親好尊安,,pos
おろおろ,オロオロ,焦ふ,,neg
愚か,オロカ,見あ,,neg
おろかしい,オロカシイ,見あ,,neg
愚かしい,オロカシイ,見あ,,neg
恩愛,オンアイ,好親安,,pos
恩寵,オンチョウ,尊親,,pos
怨念,オンネン,怖恨,,neg
快感,カイカン,気,,pos
怪奇,カイキ,嫌怖,,neg
懐旧,カイキュウ,安親,,pos
懐郷,カイキョウ,安親,,pos
懐古,カイコ,安親,,pos
悔恨,カイコン,悔恨,,neg
悔悟,カイゴ,悔,,neg
快哉,カイサイ,気,,pos
快楽,カイラク,気楽幸,,pos
顔を赤らめる,カオオアカラメル,恥,,neg
顔を隠す,カオオカクス,恥,,neg
顔を曇らせる,カオオクモラセル,不,,neg
顔をしかめる,カオオシカメル,怒,,neg
顔から火が出る,カオカラヒガデル,恥,,neg
顔が火照る,カオガホテル,恥,,neg
掻き暗れる,カキクレル,鬱悲,,neg
掻き毟られる,カキムシラレル,辛苦,,neg
隔意,カクイ,恐,,neg
鶴首,カクシュ,興,,pos
嚇怒,カクド,怒,,neg
かぐわしい,カグワシイ,好,,pos
陰る,カゲル,鬱,,neg
風向きが悪い,カザムキガワルイ,不,,neg
畏まる,カシコマル,恐,,neg
呵責,カシャク,怒,,neg
片恨み,カタウラミ,恨,,neg
肩を落とす,カタオオトス,残,,neg
片想い,カタオモイ,切,,neg
固くなる,カタクナル,ふ焦,,neg
堅苦しい,カタクルシイ,不,,neg
かたじけない,カタジケナイ,恐,,neg
肩の荷が下りる,カタノニガオリル,安,,pos
片腹痛い,カタハライタイ,辛苦,,neg
肩身が狭い,カタミガセマイ,辛不,,neg
肩身が広い,カタミガヒロイ,安親,,pos
かちっと来る,カチットクル,怒,,neg
勝ち誇る,カチホコル,誇,,pos
隔靴掻痒,カッカソウヨウ,怒不,,neg
かったるい,カッタルイ,不,,neg
渇望,カツボウ,願,,pos
哀しい,カナシイ,悲,,neg
悲しい,カナシイ,悲,,neg
悲しがる,カナシガル,悲,,neg
悲しさ,カナシサ,悲,,neg
哀しさ,カナシサ,悲,,neg
悲しまれる,カナシマレル,悲,,neg
悲しみ,カナシミ,悲,,neg
悲しむ,カナシム,悲,,neg
叶わない,カナワナイ,悲残悔,,neg
雷に打たれる,カミナリニウタレル,驚,,pos
絡む,カラム,不怒,,neg
軽がろしい,カロガロシイ,安,,pos
軽んじる,カロンジル,見,,neg
軽んずる,カロンズル,見,,neg
可愛がる,カワイガル,好安親,,pos
可哀想,カワイソウ,憐,,neg
奸悪,カンアク,嫌,,neg
感悦,カンエツ,動喜,,pos
感慨,カンガイ,動,,pos
感慨無量,カンガイムリョウ,動,,pos
汗顔,カンガン,恥,,neg
歓喜,カンキ,喜,,pos
感泣,カンキュウ,動,,pos
感興,カンキョウ,動興,,pos
感極まる,カンキワマル,喜幸動,,pos
艱苦,カンク,悩苦,,neg
感激,カンゲキ,動,,pos
歓呼,カンコ,喜,,pos
感謝,カンシャ,感,,pos
癇癪,カンシャク,怒,,neg
感傷,カンショウ,憐,,neg
歓笑,カンショウ,喜楽,,pos
歓心,カンシン,喜,,pos
寒心,カンシン,怖,,neg
感心,カンシン,驚あ動,,pos
莞爾,カンジ,幸安親,,pos
感じ入る,カンジイル,動,,pos
感情的,カンジョウテキ,興怒,,pos
感情を害する,カンジョウヲガイスル,不嫌,,neg
感情を昂らせる,カンジョウヲタカブラセル,興,,pos
歓声,カンセイ,興喜,,pos
感嘆,カンタン,興驚悲,,pos
歓天喜地,カンテンキチ,喜,,pos
感動,カンドウ,動,,pos
感に堪える,カンニコタエル,興動,,pos
癇に障る,カンニサワル,怒,,neg
感に堪えない,カンニタエナイ,興動,,pos
勘忍袋の緒が切れる,カンニンブクロノオガキレル,怒,,neg
感服,カンプク,尊悔,,pos
感無量,カンムリョウ,喜幸,,pos
感銘,カンメイ,動,,pos
寛容,カンヨウ,安,,pos
歓楽,カンラク,喜楽,,pos
感涙,カンルイ,感動,,pos
歓を尽くす,カンヲツクス,楽,,pos
賀意,ガイ,祝,,pos
慨然,ガイゼン,鬱怒興,,neg
慨嘆,ガイタン,鬱怒,,neg
愕然,ガクゼン,驚,,pos
がっかり,ガッカリ,残,,neg
がっくり,ガックリ,残,,neg
我慢ならない,ガマンナラナイ,怒,,neg
がみがみ,ガミガミ,不,,neg
がめつい,ガメツイ,不,,neg
気鬱,キウツ,鬱,,neg
消え入りたい,キエイリタイ,鬱,,neg
喜悦,キエツ,喜,,pos
気後れ,キオクレ,怠,,neg
気落ち,キオチ,怠,,neg
気を揉む,キオモム,ふ,,neg
気を悪くする,キオワルクスル,怒嫌不,,neg
気がある,キガアル,好,,pos
気が置かれる,キガオカレル,緊,,neg
気が重い,キガオモイ,鬱,,neg
気懸かり,キガカリ,ふ,,neg
気が軽い,キガカルイ,安穏,,pos
気が気でない,キガキデナイ,焦心ふ,,neg
気が沈む,キガシズム,鬱残,,neg
気が急く,キガセク,焦,,neg
気が立つ,キガタツ,怒,,neg
気が咎める,キガトガメル,情,,neg
気兼ね,キガネ,緊,,neg
気が引き締まる,キガヒキシマル,緊興,,neg
気が参る,キガマイル,怠,,neg
気が滅入る,キガメイル,怠,,neg
気が揉める,キガモメル,安,,pos
気が緩む,キガユルム,安,,pos
気が楽,キガラク,安,,pos
気軽,キガル,安,,pos
気軽い,キガルイ,安,,pos
嬉嬉,キキ,喜楽,,pos
聞き苦しい,キキグルシイ,不,,neg
聞き捨てならない,キキズテナラナイ,不,,neg
聞き辛い,キキズライ,不,,neg
聞きにくい,キキニクイ,不,,neg
危懼,キク,心ふ,,neg
危惧,キグ,心ふ,,neg
気苦労,キグロウ,苦,,neg
危険,キケン,ふ,,neg
機嫌好い,キゲンヨイ,穏,,neg
きざっぽい,キザッポイ,不,,neg
気障り,キザワリ,Ｆ不,,neg
キショい,キショイ,不,,neg
喜色,キショク,喜,,pos
気色が悪い,キショクガワルイ,Ｆ嫌,,neg
気色を害する,キショクヲガイスル,怒,,neg
気色を悪くする,キショクヲワルクスル,怒,,neg
傷痕,キズアト,辛苦,,neg
気遣い,キズカイ,尊怖,,pos
気遣う,キズカウ,尊心,,pos
気遣わしい,キズカワシイ,ふ心,,neg
傷付く,キズツク,苦悲切,,neg
気忙しい,キゼワシイ,焦,,neg
気忙しさ,キゼワシサ,焦,,neg
汚い,キタナイ,Ｆ不嫌,,neg
汚らしい,キタナラシイ,不嫌,,neg
狐に撮まれたよう,キツネニツママレタヨウ,驚,,pos
気詰まり,キヅマリ,苦,,neg
気に入る,キニイル,好幸,,pos
気に食わない,キニクワナイ,不嫌,,neg
気に障る,キニサワル,怒不Ｆ,,neg
気になる,キニナル,好,,pos
気に入らない,キニハイラナイ,不嫌,,neg
気に病む,キニヤム,鬱心悩,,neg
気抜け,キヌケ,怠,,neg
気の毒,キノドク,憐,,neg
気恥ずかしい,キハズカシイ,恥,,neg
気恥ずかしさ,キハズカシサ,恥,,neg
厳しい,キビシイ,苦辛,,neg
気塞ぎ,キフサギ,鬱怠,,neg
気分が和む,キブンガナゴム,穏安,,neg
気分が弾む,キブンガハズム,楽,,pos
気まずい,キマズイ,き,,neg
気まずさ,キマズサ,き,,neg
きまりが悪い,キマリガワルイ,恥,,neg
気味が悪い,キミガワルイ,不嫌,,neg
気味悪い,キミワルイ,不嫌,,neg
気味悪さ,キミワルサ,不嫌,,neg
気持ちいい,キモチイイ,気,,pos
気持ちが傷付けられる,キモチガキズツケラレル,悲苦辛,,neg
気持ちが沈む,キモチガシズム,鬱怠,,neg
気持ちが和む,キモチガナゴム,安,,pos
気持ちが晴れる,キモチガハレル,気,,pos
気持ちが晴れ渡る,キモチガハレワタル,気,,pos
気持ちが好い,キモチガヨイ,気,,pos
気持ちが悪くなる,キモチガワルクナル,辛苦,,neg
気持ちの好いものではない,キモチノヨイモノデワナイ,不嫌,,neg
気持ちよい,キモチヨイ,気,,pos
気持ち良い,キモチヨイ,気,,pos
気持ち悪い,キモチワルイ,不嫌辛苦,,neg
肝を潰す,キモヲツブス,驚,,pos
肝を冷やす,キモヲヒヤス,驚怖,,pos
きゃあ,キャア,驚怖,,pos
キャッ,キャッ,驚,,pos
気安い,キヤスイ,安,,pos
窮屈,キュウクツ,不,,neg
窮する,キュウスル,困悩苦,,neg
杞憂,キユウ,ふ焦心,,neg
驚異,キョウイ,驚,,pos
恐悦,キョウエツ,感喜,,pos
恭賀,キョウガ,祝,,pos
驚愕,キョウガク,驚,,pos
驚懼,キョウガク,驚,,pos
興が醒める,キョウガサメル,不,,neg
興がる,キョウガル,楽,,pos
狂喜,キョウキ,喜,,pos
驚喜,キョウキ,喜驚,,pos
恟恟,キョウキョウ,怖,,neg
恐懼,キョウク,恐,,neg
恐慌,キョウコウ,怖焦,,neg
興醒め,キョウザメ,不,,neg
興趣,キョウシュ,楽,,pos
郷愁,キョウシュウ,安親,,pos
恐縮,キョウシュク,恐怖,,neg
興じる,キョウジル,楽安,,pos
驚嘆,キョウタン,驚,,pos
驚天動地,キョウテンドウチ,驚,,pos
驚倒,キョウトウ,驚,,pos
恐怖,キョウフ,怖,,neg
驚怖,キョウフ,怖驚,,neg
恐怖感,キョウフカン,怖,,neg
凶暴,キョウボウ,嫌不,,neg
興味深い,キョウミブカイ,興好,,pos
享楽,キョウラク,楽,,pos
狂恋,キョウレン,好,,pos
虚心坦懐,キョシンタンカイ,穏,,neg
虚脱感,キョダツカン,鬱,,neg
きょときょと,キョトキョト,ふ怖興,,neg
きょとんとする,キョトントスル,驚,,pos
虚無,キョム,寂悲,,neg
嫌い,キライ,嫌,,neg
嫌う,キラウ,嫌,,neg
気楽,キラク,安,,pos
気を腐らせる,キヲクサラセル,鬱,,neg
気を呑まれる,キヲノマレル,悔,,neg
欣快,キンカイ,喜,,pos
欣喜,キンキ,喜,,pos
欣喜雀躍,キンキジャクヤク,喜,,pos
欣欣,キンキン,喜,,pos
欣幸,キンコウ,幸喜,,pos
欣然,キンゼン,喜,,pos
緊張,キンチョウ,緊,,neg
緊張感,キンチョウカン,緊,,neg
緊張がほどける,キンチョウガホドケル,穏,,neg
緊迫,キンパク,緊,,neg
欣慕,キンボ,喜尊,,pos
欣躍,キンヤク,喜,,pos
疑懼,ギク,ふ心怖,,neg
ぎくっ,ギクッ,驚,,pos
ぎくり,ギクリ,驚,,pos
ぎっくり,ギックリ,驚,,pos
義憤,ギフン,怒,,neg
ぎゃあ,ギャア,驚怖,,pos
逆上,ギャクジョウ,怒,,neg
仰天,ギョウテン,驚,,pos
御慶,ギョケイ,祝,,pos
ぎょっとする,ギョットスル,怖,,neg
苦,ク,苦,,neg
悔い,クイ,悔,,neg
悔いる,クイル,悔,,neg
空虚,クウキョ,寂悲,,neg
臭い,クサイ,不,,neg
腐る,クサル,鬱,,neg
くしゃくしゃな顔,クシャクシャナカオ,喜,,pos
苦笑,クショウ,不,,neg
苦渋,クジュウ,苦悩,,neg
くすくす,クスクス,楽安,,pos
くすぐったい,クスグッタイ,安恥,,pos
くだらない,クダラナイ,不あ,,neg
口煩い,クチウルサイ,不,,neg
口惜しい,クチオシイ,悔残,,neg
くちぎたない,クチギタナイ,不Ｆ,,neg
唇を噛む,クチビルオカム,悔怒,,neg
くちやかましい,クチヤカマシイ,不,,neg
苦衷,クチュウ,苦辛,,neg
喰って掛かる,クッテカカル,怒不,,neg
苦痛,クツウ,苦悩,,neg
屈辱,クツジョク,悔恥,,neg
屈辱感,クツジョクカン,悔,,neg
寛ぎ,クツロギ,安穏,,pos
寛ぐ,クツログ,安穏,,pos
寛げる,クツロゲル,安穏,,pos
くどい,クドイ,不,,neg
苦悩,クノウ,苦悩,,neg
首っ丈,クビッタケ,好,,pos
首をすくめる,クビヲスクメル,怖,,neg
曇る,クモル,ふ悲鬱心,,neg
苦悶,クモン,苦心ふ,,neg
悔しい,クヤシイ,悔,,neg
悔しがる,クヤシガル,悔,,neg
悔しさ,クヤシサ,悔,,neg
悔し泣き,クヤシナキ,悔,,neg
悔し涙,クヤシナミダ,悔,,neg
悔み,クヤミ,悔,,neg
悔む,クヤム,悔,,neg
くよくよ,クヨクヨ,ふ心,,neg
暗い,クライ,不鬱,,neg
狂い怒る,クルイオコル,怒,,neg
苦しい,クルシイ,苦,,neg
苦しさ,クルシサ,苦,,neg
苦しみ,クルシミ,苦,,neg
苦しみ悶える,クルシミモダエル,苦,,neg
苦しむ,クルシム,苦,,neg
苦労,クロウ,苦辛,,neg
具合が悪い,グアイガワルイ,心ふ苦辛,,neg
具合悪い,グアイワルイ,心ふ苦辛,,neg
愚図愚図,グズグズ,不,,neg
愚図る,グズル,不,,neg
ぐっと来る,グットクル,動,,pos
敬愛,ケイアイ,尊親,,pos
慶賀,ケイガ,喜祝,,pos
慶祝,ケイシュク,喜祝,,pos
慶する,ケイスル,喜祝,,pos
傾倒,ケイトウ,好尊親,,pos
敬服,ケイフク,尊,,pos
敬慕,ケイボ,尊,,pos
気圧される,ケオサレル,悔,,neg
汚らわしい,ケガラワシイ,不嫌Ｆ,,neg
毛嫌い,ケギライ,嫌,,neg
気色ばむ,ケシキバム,怒,,neg
懸想,ケソウ,好,,pos
気怠い,ケダルイ,怠,,neg
血相を変える,ケッソウヲカエル,動怒,,pos
血涙,ケツルイ,怒悲,,neg
懸念,ケネン,ふ心,,neg
けばけばしい,ケバケバシイ,不嫌,,neg
煙い,ケムイ,不,,neg
煙たい,ケムタイ,不,,neg
けろっ,ケロッ,穏,,neg
けろり,ケロリ,穏,,neg
慊焉,ケンエン,不幸,,neg
倦厭,ケンエン,不,,neg
嫌悪,ケンオ,嫌,,neg
嫌悪感,ケンオカン,嫌,,neg
嫌忌,ケンキ,嫌,,neg
倦怠,ケンタイ,不,,neg
倦怠感,ケンタイカン,怠,,neg
権幕,ケンマク,怒,,neg
激越,ゲキエツ,興怒,,pos
激語,ゲキゴ,興怒,,pos
激賞,ゲキショウ,祝,,pos
激情,ゲキジョウ,興,,pos
激する,ゲキスル,興怒,,pos
激怒,ゲキド,怒,,neg
激憤,ゲキフン,怒,,neg
逆鱗に触れる,ゲキリンニフレル,怒,,neg
げっ,ゲッ,驚不,,pos
激昂,ゲッコウ,怒興,,neg
げっそり,ゲッソリ,怠鬱,,neg
下品,ゲヒン,不嫌,,neg
下劣,ゲレツ,不嫌,,neg
元気,ゲンキ,気,,pos
減退,ゲンタイ,鬱怠,,neg
げんなり,ゲンナリ,不怠,,neg
幻滅,ゲンメツ,失,,neg
恋,コイ,好切,,pos
恋い焦がれる,コイコガレル,好切,,pos
恋心,コイゴコロ,好切,,pos
恋しい,コイシイ,好切悲,,pos
恋しさ,コイシサ,好切悲,,pos
恋する,コイスル,好切,,pos
冀う,コイネガウ,願,,pos
恋う,コウ,好切,,pos
厚意,コウイ,好親,,pos
好意,コウイ,好親,,pos
光栄,コウエイ,誇,,pos
厚恩,コウオン,感尊,,pos
後悔,コウカイ,悔,,neg
交歓,コウカン,楽喜,,pos
好感,コウカン,好,,pos
慷慨,コウガイ,怒,,neg
好機,コウキ,興,,pos
耿耿,コウコウ,ふ心,,neg
恍惚,コウコツ,好,,pos
恍惚感,コウコツカン,好,,pos
厚志,コウシ,尊親安恐,,pos
昂進,コウシン,興,,pos
厚情,コウジョウ,尊親安恐,,pos
困じる,コウジル,困,,neg
困ずる,コウズル,困,,neg
昂然,コウゼン,誇興,,pos
浩然,コウゼン,穏,,neg
紅潮,コウチョウ,恥怒,,neg
幸福,コウフク,幸,,pos
幸福感,コウフクカン,幸,,pos
公憤,コウフン,怒,,neg
興奮,コウフン,興,,pos
昂揚,コウヨウ,興,,pos
荒涼,コウリョウ,寂鬱不尊,,neg
紅涙,コウルイ,悲,,neg
小煩い,コウルサイ,不,,neg
声を荒立てる,コエオアラダテル,怒,,neg
声が潤む,コエガウルム,悲切寂,,neg
小躍り,コオドリ,喜,,pos
焦がれる,コガレル,尊願,,pos
小汚い,コギタナイ,不,,neg
酷悪,コクアク,嫌,,neg
焦げ臭い,コゲクサイ,不,,neg
心地良い,ココチヨイ,安,,pos
心地良さ,ココチヨサ,安,,pos
心憂い,ココロウレイ,鬱,,neg
心後れ,ココロオクレ,鬱怖,,neg
心悲しい,ココロカナシイ,悲,,neg
心悲しさ,ココロカナシサ,悲,,neg
心が痛む,ココロガイタム,悲憐,,neg
心が動かされる,ココロガウゴカサレル,動,,pos
心が重い,ココロガオモイ,悲切,,neg
心懸かり,ココロガカリ,ふ心,,neg
心が傷付く,ココロガキズツク,悲切,,neg
心が傷付けられる,ココロガキズツケラレル,悲切,,neg
心が弾む,ココロガハズム,楽,,pos
心が張り詰める,ココロガハリツメル,焦ふ,,neg
心が細る,ココロガホソル,ふ,,neg
心苦しい,ココログルシイ,苦き,,neg
心苦しさ,ココログルシサ,苦き,,neg
心淋しい,ココロサビシイ,寂悲,,neg
心遣い,ココロズカイ,安親,,pos
心強い,ココロズヨイ,安,,pos
心憎い,ココロニクイ,憎動興,,neg
心の痛み,ココロノイタミ,辛,,neg
心の傷,ココロノキズ,悲辛,,neg
心残り,ココロノコリ,悔,,neg
心細い,ココロボソイ,ふ心,,neg
心細さ,ココロボソサ,ふ心,,neg
心持ちが好くない,ココロモチガヨクナイ,ふ心,,neg
心持ちが悪い,ココロモチガワルイ,ふ心,,neg
心許ない,ココロモトナイ,ふ,,neg
心安い,ココロヤスイ,安親,,pos
心行く,ココロユク,安気,,pos
快い,ココロヨイ,気,,pos
快く思わない,ココロヨクオモワナイ,不嫌,,neg
心を奪われる,ココロヲウバワレル,好,,pos
心を砕く,ココロヲクダク,ふ心,,neg
心を遣る,ココロヲヤル,親尊幸,,pos
小淋しい,コサビシイ,寂,,neg
小賢しい,コザカシイ,不嫌,,neg
腰を抜かす,コシオヌカス,驚怖,,pos
小癪,コシャク,不嫌,,neg
小突かれる,コズカレル,苦嫌不,,neg
姑息,コソク,嫌不,,neg
こそばゆい,コソバユイ,恥,,neg
小面憎い,コヅラニクイ,嫌憎,,neg
孤独,コドク,悲寂切,,neg
孤独感,コドクカン,悲寂切,,neg
小憎らしい,コニクラシイ,憎,,neg
好ましい,コノマシイ,好,,pos
好ましさ,コノマシサ,好,,pos
好まない,コノマナイ,嫌,,neg
好み,コノミ,好,,pos
好む,コノム,好,,pos
困り切る,コマリキル,困,,neg
困り抜く,コマリヌク,困,,neg
困り果てる,コマリハテル,困,,neg
困る,コマル,困,,neg
小難しい,コムズカシイ,不,,neg
小やかましい,コヤカマシイ,不嫌,,neg
こらぁ,コラァ,怒,,neg
懲り懲り,コリゴリ,怠,,neg
怖,コワ,怖,,neg
怖い,コワイ,怖,,neg
恐い,コワイ,怖,,neg
怖がる,コワガル,怖,,neg
怖怖,コワゴワ,怖,,neg
恐恐,コワゴワ,怖,,neg
怖さ,コワサ,怖,,neg
強張る,コワバル,怖,,neg
困却,コンキャク,困,,neg
困窮,コンキュウ,困,,neg
困苦,コンク,困苦,,neg
困惑,コンワク,困,,neg
合歓,ゴウカン,喜,,pos
号泣,ゴウキュウ,動辛苦喜,,pos
号哭,ゴウコク,動辛苦喜,,pos
業腹,ゴウハラ,怒,,neg
強欲,ゴウヨク,不嫌,,neg
業を煮やす,ゴウヲニヤス,怒,,neg
御機嫌,ゴキゲン,気,,pos
ゴメン,ゴメン,謝,,neg
最愛,サイアイ,好安親,,pos
最悪,サイアク,嫌,,neg
再燃,サイネン,興,,pos
幸い,サイワイ,幸,,pos
逆恨み,サカウラミ,恨,,neg
蔑む,サゲスム,見,,neg
差出がましい,サシデシガマシイ,恐,,neg
殺気立つ,サッキタツ,興,,pos
さっぱり,サッパリ,気,,pos
さばさば,サバサバ,気,,pos
寂しい,サビシイ,寂,,neg
淋しい,サビシイ,寂,,neg
淋しがる,サビシガル,寂,,neg
淋しさ,サビシサ,寂,,neg
寒気,サムケ,怖,,neg
寒寒,サムザム,悲寂,,neg
さめざめ,サメザメ,悲辛寂苦,,neg
冷める,サメル,失,,neg
騒がしい,サワガシイ,不,,neg
騒ぎ立つ,サワギタツ,不,,neg
爽やか,サワヤカ,気,,pos
鑽仰,サンギョウ,尊,,pos
讃嘆,サンタン,尊,,pos
三拝九拝,サンパイキュウハイ,恐尊感,,neg
慚愧,ザンキ,恥,,neg
残念,ザンネン,残,,neg
幸せ,シアワセ,幸,,pos
私怨,シエン,恨,,neg
しおしお,シオシオ,残,,neg
しかめっ面,シカメッツラ,悲嫌Ｆ,,neg
しかめる,シカメル,悲嫌Ｆ,,neg
叱り付ける,シカリツケル,怒,,neg
叱り飛ばす,シカリトバス,怒,,neg
叱る,シカル,怒,,neg
しくしく,シクシク,悲,,neg
四苦八苦,シクハック,苦,,neg
嗜好,シコウ,好,,pos
至情,シジョウ,安親,,pos
静まる,シズマル,怖安,,neg
沈み込む,シズミコム,鬱怠,,neg
沈む,シズム,鬱怠,,neg
慕い寄る,シタイヨル,尊親,,pos
慕う,シタウ,尊親,,pos
舌打ち,シタウチ,不怒,,neg
親しみ,シタシミ,尊親,,pos
親しむ,シタシム,尊親,,pos
したり顔,シタリガオ,誇,,pos
慕わしい,シタワシイ,尊親,,pos
七面倒臭い,シチメンドウクサイ,不,,neg
嫉視,シッシ,妬,,neg
叱責,シッセキ,怒,,neg
叱咤,シッタ,怒親,,neg
失墜感,シッツイカン,失,,neg
嫉妬,シット,憎妬,,neg
失意,シツイ,残失,,neg
しつこい,シツコイ,不Ｆ,,neg
失望,シツボウ,失,,neg
失望感,シツボウカン,失,,neg
失恋,シツレン,切悲失辛苦鬱怠,,neg
忍び泣き,シノビナキ,悲寂辛苦,,neg
忍び泣く,シノビナク,悲寂辛苦,,neg
偲ぶ,シノブ,尊悲辛苦,,pos
痺れる,シビレル,興動辛,,pos
私憤,シフン,怒,,neg
渋る,シブル,た,,neg
思慕,シボ,好尊親,,pos
湿っぽい,シメッポイ,不,,neg
湿っぽさ,シメッポサ,不,,neg
湿る,シメル,不嫌安,,neg
謝意,シャイ,感,,pos
癪,シャク,怒,,neg
癪に障る,シャクニサワル,怒,,neg
しゃくり上げる,シャクリアゲル,悲辛苦,,neg
しゃくり泣き,シャクリナキ,悲辛苦,,neg
醜悪,シュウアク,不嫌憐,,neg
秋思,シュウシ,寂,,neg
愁思,シュウシ,悲,,neg
愁傷,シュウショウ,悲,,neg
周章,シュウショウ,焦,,neg
周章狼狽,シュウショウロウバイ,焦,,neg
愁色,シュウショク,鬱,,neg
愁然,シュウゼン,鬱,,neg
愁訴,シュウソ,苦悲,,neg
愁嘆,シュウタン,悲,,neg
羞恥,シュウチ,恥,,neg
羞恥心,シュウチシン,恥,,neg
祝着,シュウチャク,祝喜,,pos
愁眉,シュウビ,ふ心,,neg
愁眉を開く,シュウビヲヒラク,安,,pos
秋風落莫,シュウフウラクバク,寂,,neg
祝意,シュクイ,祝喜,,pos
宿怨,シュクエン,恨,,neg
祝賀,シュクガ,祝喜,,pos
祝する,シュクスル,祝,,pos
朱を注ぐ,シュヲソソグ,恥怒,,neg
春愁,シュンシュウ,悲,,neg
鍾愛,ショウアイ,好親,,pos
憧憬,ショウケイ,尊親,,pos
衝撃,ショウゲキ,驚動,,pos
悄悄,ショウショウ,鬱怠安,,neg
悄悄と,ショウショウト,鬱怠安,,neg
傷心,ショウシン,悲切,,neg
焦心,ショウシン,悩怒,,neg
憔悴,ショウスイ,辛苦,,neg
悚然,ショウゼン,ふ怖,,neg
悄然,ショウゼン,鬱寂怠,,neg
焦躁,ショウソウ,怒焦,,neg
賞嘆,ショウタン,祝,,pos
悄沈,ショウチン,怠,,neg
焦慮,ショウリョ,焦怒,,neg
性悪,ショウワル,嫌,,neg
食指を動かす,ショクシオウゴカス,興,,pos
食傷,ショクショウ,不辛苦,,neg
悄気返る,ショゲカエル,失悲寂悔,,neg
悄気る,ショゲル,失悲寂悔,,neg
ショッキング,ショッキング,驚悲,,pos
ショック,ショック,驚悲,,pos
しょぼしょぼ,ショボショボ,悲,,neg
しょぼたれる,ショボタレル,悲,,neg
しょんぼり,ションボリ,悲,,neg
白ける,シラケル,き,,neg
しらける,シラケル,き,,neg
親愛,シンアイ,親尊,,pos
震撼,シンカン,驚怖,,pos
心外,シンガイ,不嫌驚,,neg
震駭,シンガイ,ふ驚怖,,neg
辛気臭い,シンキクサイ,不嫌,,neg
呻吟,シンギン,苦辛,,neg
辛苦,シンク,辛苦,,neg
神経が張り詰める,シンケイガハリツメル,緊,,neg
深謝,シンシャ,感,,pos
心酔,シンスイ,好尊,,pos
親善,シンゼン,親尊好,,pos
心臓が止まる,シンゾウガトマル,驚,,pos
心中穏やかでない,シンチュウオダヤカデナイ,怒,,neg
心痛,シンツウ,憐,,neg
しんどい,シンドイ,辛苦,,neg
心配,シンパイ,心,,neg
心服,シンプク,尊好,,pos
しんみり,シンミリ,寂,,neg
心労,シンロウ,苦悩辛,,neg
辛労,シンロウ,苦辛,,neg
慈愛,ジアイ,安親,,pos
じいんと,ジイント,辛苦動,,neg
自棄,ジキ,怒焦,,neg
自虐,ジギャク,辛苦,,neg
忸怩,ジクジ,恥,,neg
自己嫌悪,ジコケンオ,情,,neg
自失,ジシツ,鬱,,neg
ジジくさい,ジジクサイ,不,,neg
自若,ジジャク,穏,,neg
自責,ジセキ,情,,neg
地団太を踏む,ジダンダオフム,悔,,neg
自嘲,ジチョウ,情,,neg
慈悲,ジヒ,憐,,neg
自暴自棄,ジボウジキ,鬱,,neg
自慢たらしい,ジマンタラシイ,不,,neg
じめじめ,ジメジメ,不Ｆ,,neg
寂然,ジャクネン,寂,,neg
雀躍,ジャクヤク,喜,,pos
邪魔,ジャマ,不,,neg
邪魔くさい,ジャマクサイ,不,,neg
充実感,ジュウジツカン,喜楽,,pos
情,ジョウ,情,,neg
情愛,ジョウアイ,好親,,pos
情炎,ジョウエン,興好,,pos
上気,ジョウキ,怒,,neg
上機嫌,ジョウキゲン,楽喜,,pos
情熱,ジョウネツ,興,,pos
情欲,ジョウヨク,好興,,pos
焦らす,ジラス,不怒,,neg
じりじり,ジリジリ,不,,neg
焦れったい,ジレッタイ,不,,neg
焦れったがる,ジレッタガル,不,,neg
焦れったさ,ジレッタサ,不,,neg
焦れる,ジレル,不,,neg
仁愛,ジンアイ,親,,pos
すうっと,スウット,気安,,pos
末恐ろしい,スエオソロシイ,ふ,,neg
すえたのもしい,スエタノモシイ,願興,,pos
好かない,スカナイ,嫌,,neg
清々しい,スガスガシイ,気,,pos
好き,スキ,好,,pos
好き好む,スキコノム,好,,pos
救われる,スクワレル,喜,,pos
すごすご,スゴスゴ,鬱怠,,neg
荒む,スサム,鬱怠,,neg
啜り上げる,ススリアゲル,悲辛,,neg
啜り泣き,ススリナキ,悲切,,neg
啜り泣く,ススリナク,悲切,,neg
すっきり,スッキリ,気,,pos
素っ頓狂,スットンキョウ,驚あ,,pos
捨て台詞,ステゼリフ,不怒,,neg
捨て鉢,ステバチ,怒,,neg
素晴らしい,スバラシイ,動,,pos
すまん,スマン,謝,,neg
随喜,ズイキ,喜安,,pos
図々しい,ズウズウシイ,不,,neg
杜撰,ズサン,不,,neg
清清,セイセイ,気,,pos
凄絶,セイゼツ,興,,pos
凄愴,セイソウ,憐,,neg
青天の霹靂,セイテンノヘキレキ,驚,,pos
積怨,セキエン,恨,,neg
急き込む,セキコム,焦,,neg
寂莫,セキバク,寂,,neg
寂莫感,セキバクカン,寂,,neg
積憤,セキフン,怒,,neg
赤面,セキメン,恥,,neg
寂寥,セキリョウ,寂,,neg
寂寥感,セキリョウカン,寂,,neg
せこい,セコイ,不,,neg
背筋が氷つく,セスジガコオリツク,怖,,neg
背筋が凍る,セスジガコオル,怖,,neg
世知辛い,セチツライ,不,,neg
切ない,セツナイ,切,,neg
切ない思い,セツナイオモイ,切,,neg
切なさ,セツナサ,切,,neg
狭苦しい,セマクルシイ,不,,neg
責め苦,セメク,苦,,neg
戦意,センイ,興,,pos
戦々恐々,センセンキョウキョウ,ふ怖,,neg
センチメンタル,センチメンタル,鬱,,neg
羨望,センボウ,妬,,neg
旋毛を曲げる,センモウヲマゲル,妬,,neg
戦慄,センリツ,怖,,neg
戦慄感,センリツカン,怖,,neg
鮮烈,センレツ,興驚,,pos
絶句,ゼック,驚あ,,pos
絶好調,ゼッコウチョウ,気興,,pos
絶体絶命,ゼッタイゼツメイ,ふ心焦,,neg
絶頂感,ゼッチョウカン,気興,,pos
絶望,ゼツボウ,失,,neg
粗悪,ソアク,嫌不,,neg
壮快,ソウカイ,気,,pos
爽快,ソウカイ,気,,pos
総毛立つ,ソウケタツ,怖,,neg
相好を崩す,ソウゴウヲクズス,喜楽安穏,,pos
相思相愛,ソウシソウアイ,好安,,pos
壮絶,ソウゼツ,苦辛,,neg
騒々しい,ソウゾウシイ,不,,neg
蒼白,ソウハク,ふ心焦,,neg
爽涼,ソウリョウ,気,,pos
惻隠,ソクイン,憐,,neg
沮喪,ソソウ,鬱怠,,neg
嫉み,ソネミ,妬,,neg
嫉む,ソネム,妬,,neg
空恐ろしい,ソラオソロシイ,ふ怖,,neg
空恐ろしさ,ソラオソロシサ,ふ怖,,neg
空空しい,ソラゾラシイ,不嫌,,neg
空恥ずかしい,ソラハズカシイ,恥,,neg
空喜び,ソラヨロコビ,喜,,pos
そわそわ,ソワソワ,焦,,neg
憎悪,ゾウオ,嫌憎,,neg
憎悪感,ゾウオカン,嫌憎,,neg
俗悪,ゾクアク,不嫌,,neg
ぞくぞくする,ゾクゾクスル,怖興,,neg
俗っぽい,ゾクッポイ,不,,neg
ぞっこん,ゾッコン,好,,pos
ぞっとしない,ゾットシナイ,不嫌,,neg
ぞっとする,ゾットスル,怖,,neg
存外,ゾンガイ,驚,,pos
大慶,タイケイ,喜祝,,pos
大切,タイセツ,親尊安,,pos
泰然,タイゼン,穏,,neg
泰然自若,タイゼンジジャク,穏,,neg
大息,タイソク,鬱怠,,neg
怠惰,タイダ,怠不,,neg
高鳴る,タカナル,興,,pos
高飛車,タカビシャ,怒,,neg
昂り,タカブリ,興,,pos
昂,タカブリ,興,,pos
昂ぶる,タカブル,興,,pos
高笑い,タカワライ,喜楽,,pos
多岐亡羊,タキボウヨウ,鬱悩,,neg
たくましい,タクマシイ,興,,pos
猛り狂う,タケリクルウ,興,,pos
猛り立つ,タケリタツ,興,,pos
猛る,タケル,興,,pos
多謝,タシャ,感,,pos
たじたじ,タジタジ,驚焦興,,pos
たじろぐ,タジログ,驚焦興,,pos
助かりました,タスカリマシタ,感,,pos
助かります,タスカリマス,感,,pos
立ち竦む,タチスクム,驚怖,,pos
愉しい,タノシイ,楽,,pos
楽しい,タノシイ,楽,,pos
楽しかった,タノシカッタ,楽,,pos
楽しがる,タノシガル,楽,,pos
楽しさ,タノシサ,楽,,pos
楽しみ,タノシミ,楽,,pos
楽しむ,タノシム,楽,,pos
頼もしい,タノモシイ,安興,,pos
たまげる,タマゲル,驚,,pos
魂を奪われたよう,タマシイヲウバワレタヨウ,鬱,,neg
堪らない,タマラナイ,好怒,,pos
堪り兼ねる,タマリカネル,好怒,,pos
溜息,タメイキ,鬱怠,,neg
ため息をつく,タメイキヲツク,鬱怠,,neg
躊躇い,タメライ,き,,neg
躊躇う,タメラウ,き,,neg
揺蕩う,タユタウ,き,,neg
弛み,タユミ,怠安,,neg
弛む,タユム,安怠,,pos
頼り無い,タヨリナイ,ふ心,,neg
頼りなさ,タヨリナサ,ふ心,,neg
嘆賞,タンショウ,尊,,pos
嘆じる,タンジル,祝,,pos
嘆ずる,タンズル,祝鬱,,pos
嘆声,タンセイ,祝鬱,,pos
嘆息,タンソク,祝鬱,,pos
淡淡,タンタン,好気,,pos
耽溺,タンデキ,好,,pos
嘆美,タンビ,祝動,,pos
大悦,ダイエツ,喜,,pos
大嫌い,ダイキライ,嫌,,neg
大事,ダイジ,親安驚焦興,,pos
大好き,ダイスキ,好,,pos
惰気,ダキ,怠,,neg
ダサい,ダサイ,不,,neg
だらしない,ダラシナイ,不,,neg
怠い,ダルイ,怠不,,neg
だるい,ダルイ,不,,neg
だれ気味,ダレキミ,怠,,neg
だれる,ダレル,怠,,neg
断腸の思い,ダンチョウノオモイ,悲,,neg
小さくなる,チイサクナル,恐,,neg
力を落とす,チカラオオトス,失鬱残,,neg
力落し,チカラオトシ,失鬱残,,neg
力が抜ける,チカラガヌケル,安,,pos
力付く,チカラズク,興,,pos
力強い,チカラヅヨイ,興,,pos
力抜け,チカラヌケ,安,,pos
ちくちく,チクチク,不,,neg
縮こまる,チジコマル,ふ怖,,neg
縮み上がる,チジミアガル,ふ怖,,neg
恥辱,チジョク,恥怒,,neg
恥辱感,チジョクカン,恥怒,,neg
血なまぐさい,チナマグサイ,不,,neg
血の気が引く,チノケガヒク,怖,,neg
血の涙,チノナミダ,辛悲苦,,neg
血走る,チバシル,怒興,,neg
血迷う,チマヨウ,怒怖,,neg
チャーミング,チャーミング,好,,pos
躊躇,チュウチョ,た,,neg
惆悵,チュウチョウ,恨悲,,neg
中っ腹,チュウッパラ,不怒Ｆ,,neg
寵愛,チョウアイ,親安,,pos
弔意,チョウイ,悲恨,,neg
悵然,チョウゼン,失恨鬱,,neg
長嘆,チョウタン,鬱,,neg
沈鬱,チンウツ,鬱怠,,neg
鎮静,チンセイ,安,,pos
沈潜,チンセン,好,,pos
沈着,チンチャク,好,,pos
沈痛,チンツウ,悲鬱,,neg
追悼,ツイトウ,悲,,neg
追慕,ツイボ,悲切,,neg
痛快,ツウカイ,気楽,,pos
痛快さ,ツウカイサ,気楽,,pos
痛快味,ツウカイミ,気楽,,pos
痛哭,ツウコク,悲鬱,,neg
痛恨,ツウコン,失残,,neg
痛心,ツウシン,悲切辛苦,,neg
痛惜,ツウセキ,悲,,neg
痛嘆,ツウタン,悲鬱,,neg
痛憤,ツウフン,怒,,neg
痛痒,ツウヨウ,苦辛,,neg
閊えが下がる,ツカエガサガル,気安,,pos
閊えが取れる,ツカエガトレル,気安,,pos
つまらない,ツマラナイ,不,,neg
つまんない,ツマンナイ,不,,neg
冷たい,ツメタイ,不,,neg
辛い,ツライ,不辛,,neg
辛さ,ツラサ,辛,,neg
つれない,ツレナイ,不,,neg
つんつん,ツンツン,不怒,,neg
つんと,ツント,不怒,,neg
涕泣,テイキュウ,悲辛,,neg
啼泣,テイキュウ,悲辛,,neg
諦念,テイネン,失悔情,,neg
涕涙,テイルイ,悲辛切,,neg
敵意,テキイ,嫌,,neg
敵愾心,テキガイシン,嫌,,neg
敵視,テキシ,嫌,,neg
照れ隠し,テレカクシ,恥,,neg
照れ臭い,テレクサイ,恥,,neg
照れ臭さ,テレクササ,恥,,neg
照れる,テレル,恥,,neg
溺愛,デキアイ,好,,pos
吐息,トイキ,安,,pos
陶酔,トウスイ,尊好気,,pos
陶然,トウゼン,安気,,pos
尊ぶ,トウトブ,尊,,pos
当惑,トウワク,困,,neg
ときめかす,トキメカス,好喜,,pos
ときめき,トキメキ,好,,pos
ときめく,トキメク,好喜,,pos
得意,トクイ,誇,,pos
とげとげしい,トゲトゲシイ,不,,neg
所得顏,トコロエガオ,安喜,,pos
妬心,トシン,妬,,neg
飛び上がる,トビアガル,驚,,pos
飛び退く,トビノク,驚,,pos
途方に暮れる,トホウニクレル,困,,neg
トホホ,トホホ,見あ,,neg
戸惑い,トマドイ,困焦,,neg
戸惑う,トマドウ,困焦,,neg
取り越し苦労,トリコシクロウ,心,,neg
取り残される,トリノコサレル,ふ怒不,,neg
鳥肌,トリハダ,怖Ｆ,,neg
取り乱す,トリミダス,怒困焦,,neg
とろい,トロイ,不,,neg
蕩ける,トロケル,好,,pos
怒,ド,怒,,neg
動悸,ドウキ,ふ焦興,,neg
同慶,ドウケイ,喜祝,,pos
慟哭,ドウコク,悲,,neg
瞠若,ドウジャク,驚,,pos
同情,ドウジョウ,憐,,neg
動じる,ドウジル,安,,pos
動顛,ドウテン,驚焦,,pos
胴震い,ドウブルイ,興ふ怖焦,,pos
瞠目,ドウモク,驚動,,pos
動揺,ドウヨウ,ふ焦,,neg
怒気,ドキ,怒,,neg
どきっ,ドキッ,好,,pos
どきどき,ドキドキ,好焦,,pos
どきり,ドキリ,怖,,neg
どきん,ドキン,怖,,neg
どぎつい,ドギツイ,不,,neg
どぎまぎ,ドギマギ,ふ焦,,neg
度肝を抜かれる,ドギモヲヌカレル,驚,,pos
怒号,ドゴウ,怒,,neg
怒声,ドセイ,怒,,neg
怒鳴り込む,ドナリコム,怒,,neg
怒鳴り散らす,ドナリチラス,怒,,neg
怒鳴り付ける,ドナリツケル,怒,,neg
怒鳴る,ドナル,怒,,neg
怒罵,ドバ,怒,,neg
どよめく,ドヨメク,驚,,pos
どんより,ドンヨリ,不,,neg
萎え萎む,ナエシボム,鬱,,neg
萎える,ナエル,鬱,,neg
長たらしい,ナガタラシイ,不,,neg
泣き,ナキ,悲切辛,,neg
泣き明かす,ナキアカス,悲切辛,,neg
泣き顔,ナキガオ,悲切辛,,neg
泣き崩れる,ナキクズレル,悲切辛,,neg
泣き暮らす,ナキクラス,悲切辛,,neg
泣き暮れる,ナキクレル,悲切辛,,neg
泣き込む,ナキコム,辛願,,neg
泣き声,ナキゴエ,悲辛嬉,,neg
泣き叫ぶ,ナキサケブ,悲切辛,,neg
泣き沈む,ナキシズム,悲切辛,,neg
泣きじゃくる,ナキジャクル,悲切辛,,neg
泣きたい,ナキタイ,悲切辛,,neg
泣き出す,ナキダス,悲切辛,,neg
泣き付く,ナキツク,辛願,,neg
泣き面,ナキツラ,悲切辛,,neg
泣き泣き,ナキナキ,悲切辛,,neg
泣き濡れる,ナキヌレル,悲切辛,,neg
泣き腫らす,ナキハラス,悲切辛,,neg
泣き伏す,ナキフス,悲切辛,,neg
泣き咽ぶ,ナキムセブ,悲切辛,,neg
泣き別れ,ナキワカレ,悲切辛,,neg
泣き別れる,ナキワカレル,悲切辛,,neg
泣く,ナク,悲辛喜切,,neg
泣く泣く,ナクナク,悲切辛,,neg
泣ける,ナケル,興動,,pos
嘆かわしい,ナゲカワシイ,怒見,,neg
嘆き,ナゲキ,鬱悲,,neg
嘆き明かす,ナゲキアカス,鬱悲,,neg
嘆き悲しむ,ナゲキカナシム,鬱悲,,neg
嘆く,ナゲク,鬱悲,,neg
和やか,ナゴヤカ,安,,pos
名残惜しい,ナゴリオシイ,切悲辛,,neg
名残惜しむ,ナゴリオシム,切悲辛,,neg
情けない,ナサケナイ,情,,neg
情けなさ,ナサケナサ,情,,neg
馴染む,ナジム,親,,pos
懐かしい,ナツカシイ,安親,,pos
懐かしがる,ナツカシガル,安親,,pos
懐かしさ,ナツカシサ,安親,,pos
懐かしみ,ナツカシミ,安親,,pos
懐かしむ,ナツカシム,安親,,pos
懐く,ナツク,安親,,pos
生唾を呑む,ナマツバオノム,願好,,pos
涙,ナミダ,悲切辛苦喜,,neg
涙雨,ナミダアメ,悲,,neg
涙をのむ,ナミダオノム,悔,,neg
涙が込み上げる,ナミダガコミアゲル,辛苦,,neg
涙ぐましい,ナミダグマシイ,憐,,neg
涙ぐむ,ナミダグム,切悲辛,,neg
涙声,ナミダゴエ,切悲辛,,neg
波立つ,ナミダツ,怒,,neg
涙に掻き暗れる,ナミダニカキクレル,悲,,neg
涙に暮れる,ナミダニクレル,悲,,neg
涙に咽ぶ,ナミダニムセブ,辛悲,,neg
悩まされる,ナヤマサレル,悩,,neg
悩ましい,ナヤマシイ,悩,,neg
悩ます,ナヤマス,悩,,neg
悩み,ナヤミ,悩,,neg
悩む,ナヤム,悩,,neg
馴れ馴れしい,ナレナレシイ,嫌,,neg
難渋,ナンジュウ,苦困,,neg
ナンセンス,ナンセンス,不,,neg
なんと,ナント,驚,,pos
なんとまあ,ナントマア,困,,neg
煮え返る,ニエカエル,怒,,neg
煮え繰り返る,ニエクリカエル,怒,,neg
煮え立つ,ニエタツ,怒,,neg
煮え湯を飲まされる,ニエユヲノマサレル,怒,,neg
苦い,ニガイ,不,,neg
苦いものが込み上げる,ニガイモノガコミアゲル,悔,,neg
苦手,ニガテ,嫌,,neg
苦々しい,ニガニガシイ,嫌Ｆ,,neg
苦り切る,ニガリキル,嫌Ｆ,,neg
苦る,ニガル,嫌Ｆ,,neg
苦笑い,ニガワライ,怒嫌Ｆ,,neg
憎い,ニクイ,憎,,neg
憎く思う,ニククオモウ,憎,,neg
憎しみ,ニクシミ,憎,,neg
憎たらしい,ニクタラシイ,憎,,neg
憎体,ニクテイ,憎,,neg
憎々しい,ニクニクシイ,憎,,neg
憎む,ニクム,憎,,neg
憎らしい,ニクラシイ,憎,,neg
憎らしさ,ニクラシサ,憎,,neg
にこにこ,ニコニコ,喜幸安楽,,pos
にこやか,ニコヤカ,喜幸安楽,,pos
にたにた,ニタニタ,喜幸安楽,,pos
にっこり,ニッコリ,喜幸安楽,,pos
二の足を踏む,ニノアシオフム,た,,neg
にやにや,ニヤニヤ,喜幸安楽,,pos
にやり,ニヤリ,喜幸安楽,,pos
睨み付ける,ニラミツケル,怒不嫌,,neg
睨む,ニラム,怒不嫌,,neg
人情,ニンジョウ,親,,pos
にんまり,ニンマリ,喜幸安楽,,pos
糠喜び,ヌカヨロコビ,喜,,pos
寝苦しい,ネグルシイ,苦,,neg
妬ましい,ネタマシイ,妬,,neg
妬ましがる,ネタマシガル,妬,,neg
妬み,ネタミ,妬,,neg
妬み憎む,ネタミニクム,妬憎,,neg
妬む,ネタム,妬,,neg
ねちっこい,ネチッコイ,嫌,,neg
熱愛,ネツアイ,好,,pos
熱を上げる,ネツオアゲル,興,,pos
熱情,ネツジョウ,好,,pos
熱に浮かされる,ネツニウカサレル,辛苦好,,neg
熱涙,ネツルイ,動,,pos
悩殺,ノウサツ,悩好,,neg
悩乱,ノウラン,鬱悩,,neg
血の気が上る,ノケガノボル,怒,,neg
残り多い,ノコリオオイ,失残悔,,neg
残り惜しい,ノコリオシイ,失残悔,,neg
ノスタルジア,ノスタルジア,親,,pos
伸び伸び,ノビノビ,穏,,neg
逆上せ,ノボセ,好,,pos
逆上せ上がる,ノボセアガル,好,,pos
のめり込む,ノメリコム,好,,pos
呪い,ノロイ,妬恨憎,,neg
呪う,ノロウ,妬恨憎,,neg
呪わしい,ノロワシイ,妬恨憎,,neg
暢気,ノンキ,安気穏,,pos
のんびり,ノンビリ,穏安,,neg
儚い,ハカナイ,切,,neg
図らずも,ハカラズモ,驚,,pos
歯痒い,ハガユイ,不怒,,neg
剥れる,ハガレル,怒,,neg
吐き気,ハキケ,嫌辛苦Ｆ,,neg
吐気,ハキケ,嫌辛苦Ｆ,,neg
歯軋り,ハギシリ,怒悔,,neg
博愛,ハクアイ,安親,,pos
激しい,ハゲシイ,怒,,neg
はしたない,ハシタナイ,不嫌,,neg
燥ぐ,ハシャグ,楽,,pos
恥,ハジ,恥,,neg
恥じ入る,ハジイル,恥,,neg
恥をかく,ハジオカク,恥,,neg
恥じらい,ハジライ,恥,,neg
恥じらう,ハジラウ,恥,,neg
恥じる,ハジル,恥,,neg
恥ずかしい,ハズカシイ,恥,,neg
恥ずかしがる,ハズカシガル,恥,,neg
恥ずかしさ,ハズカシサ,恥,,neg
はた迷惑,ハタメイワク,不,,neg
肌が粟立つ,ハダガアワダツ,怖,,neg
肌に粟を生じる,ハダニアワヲショウジル,怖,,neg
はっと,ハット,驚,,pos
ハッピー,ハッピー,安楽,,pos
初恋,ハツコイ,切好,,neg
鼻白む,ハナジロム,不嫌,,neg
鼻たかだか,ハナタカダカ,誇,,pos
はにかむ,ハニカム,恥,,neg
腹いせ,ハライセ,怒,,neg
腹が立つ,ハラガタツ,怒,,neg
腹黒い,ハラグロイ,不,,neg
腹立たしい,ハラダタシイ,怒,,neg
腹立たしさ,ハラダタシサ,怒,,neg
腹立ち,ハラダチ,怒,,neg
腹立つ,ハラダツ,怒,,neg
腹に据え兼ねる,ハラニスエカネル,怒,,neg
腹の虫が収まらない,ハラノムシガオサマラナイ,怒,,neg
はらはら,ハラハラ,焦興,,neg
腸が千切れる,ハラワタガチギレル,悲,,neg
腸を抉られる,ハラワタヲエグラレル,苦辛,,neg
腹を立てる,ハラヲタテル,怒,,neg
張り合いが抜ける,ハリアイガヌケル,鬱失,,neg
晴れがましい,ハレガマシイ,気,,pos
晴れ晴れ,ハレバレ,気,,pos
晴れ晴れしい,ハレバレシイ,気,,pos
晴れやか,ハレヤカ,気,,pos
反感,ハンカン,嫌不Ｆ,,neg
反抗心,ハンコウシン,不嫌,,neg
煩悶,ハンモン,苦悩,,neg
煩労,ハンロウ,悩苦,,neg
ばかくさい,バカクサイ,あ,,neg
ばかばかしい,バカバカシイ,あ,,neg
バカヤロー,バカヤロ−,怒,,neg
馬鹿らしい,バカラシイ,あ,,neg
ばっちい,バッチイ,不嫌,,neg
ばつが悪い,バツガワルイ,不,,neg
万歳,バンザイ,祝喜,,pos
悲哀,ヒアイ,悲,,neg
悲哀感,ヒアイカン,悲,,neg
贔屓,ヒイキ,不好,,neg
ひいひい,ヒイヒイ,苦,,neg
冷え切る,ヒエキル,寂鬱,,neg
冷え冷え,ヒエビエ,寂鬱,,neg
冷える,ヒエル,寂鬱,,neg
悲観,ヒカン,悲,,neg
僻み,ヒガミ,妬,,neg
僻む,ヒガム,妬,,neg
悲泣,ヒキュウ,悲,,neg
卑怯,ヒキョウ,不嫌,,neg
悲惨,ヒサン,憐,,neg
悲秋,ヒシュウ,悲,,neg
悲愁,ヒシュウ,悲鬱,,neg
悲傷,ヒショウ,悲憐,,neg
悲壮,ヒソウ,悲,,neg
悲愴,ヒソウ,悲,,neg
顰み,ヒソミ,嫌,,neg
卑俗,ヒゾク,嫌,,neg
悲嘆,ヒタン,悲,,neg
悲痛,ヒツウ,憐,,neg
一安心,ヒトアンシン,安,,pos
人恋しい,ヒトコイシイ,悲切,,neg
人懐こい,ヒトナツコイ,親,,pos
ひとりぼっち,ヒトリボッチ,悲辛,,neg
酷い,ヒドイ,嫌不,,neg
悲風,ヒフウ,悲,,neg
悲憤,ヒフン,悲怒,,neg
悲鳴,ヒメイ,驚怖困悲,,pos
冷や汗,ヒヤアセ,焦緊恥怖,,neg
ひやっ,ヒヤッ,焦驚,,neg
冷や冷や,ヒヤヒヤ,焦心ふ,,neg
ひやり,ヒヤリ,焦驚怖緊,,neg
拍子抜け,ヒョウシヌケ,鬱怠,,neg
表情を強張らせる,ヒョウジョウヲコワバラセル,怖,,neg
開いた口が塞がらない,ヒライタクチガフサガラナイ,あ,,neg
悲涙,ヒルイ,悲,,neg
怯む,ヒルム,怖,,neg
卑劣,ヒレツ,不嫌怒,,neg
悲恋,ヒレン,悲,,neg
卑猥,ヒワイ,不嫌,,neg
顰蹙,ヒンシュク,嫌,,neg
びくっ,ビクッ,驚怖,,pos
びくつく,ビクツク,ふ怖,,neg
びくびく,ビクビク,ふ怖,,neg
びくり,ビクリ,驚,,pos
微笑,ビショウ,安,,pos
吃驚,ビックリ,驚,,pos
吃驚仰天,ビックリギョウテン,驚,,pos
憫察,ビンサツ,憐,,neg
ぴくぴく,ピクピク,怖,,neg
ぴりぴり,ピリピリ,怒,,neg
不安,フアン,ふ,,neg
不安がる,フアンガル,ふ,,neg
不安定,フアンテイ,不,,neg
不快,フカイ,嫌Ｆ,,neg
不快感,フカイカン,嫌Ｆ,,neg
不快さ,フカイサ,嫌Ｆ,,neg
腑甲斐無い,フガイナイ,不情,,neg
不機嫌,フキゲン,怒,,neg
不気味,フキミ,不,,neg
不気味さ,フキミサ,不,,neg
不興,フキョウ,鬱き,,neg
不謹慎,フキンシン,不嫌,,neg
膨れっ面,フクレッツラ,不怒,,neg
不潔,フケツ,不,,neg
耽る,フケル,好,,pos
不幸,フコウ,残,,neg
鬱ぎ込む,フサギコム,鬱,,neg
鬱ぐ,フサグ,鬱,,neg
伏し目,フシメ,鬱,,neg
不承不承,フショウブショウ,不,,neg
父性愛,フセイアイ,親,,pos
吹っ切れる,フッキレル,気,,pos
怫然,フツゼン,怒,,neg
ふてぶてしい,フテブテシイ,不憎,,neg
腑抜け,フヌケ,見,,neg
不憫,フビン,憐見,,neg
不憫さ,フビンサ,憐見,,neg
不服,フフク,不,,neg
不平,フヘイ,不怒,,neg
不本意,フホンイ,不,,neg
不満,フマン,不,,neg
不満足,フマンゾク,不,,neg
不味,フミ,不,,neg
不面目,フメンボク,悲,,neg
不愉快,フユカイ,嫌Ｆ,,neg
不愉快感,フユカイカン,嫌Ｆ,,neg
不愉快さ,フユカイサ,Ｆ,,neg
ふらち,フラチ,嫌怒,,neg
ふらふら,フラフラ,焦鬱緊,,neg
不慮,フリョ,驚,,pos
奮い起こす,フルイオコス,興,,pos
奮い立つ,フルイタツ,興,,pos
震い付く,フルイツク,興,,pos
震う,フルウ,怖,,neg
震え上がる,フルエアガル,怖,,neg
震え戦く,フルエオノノク,怖,,neg
震えが来る,フルエガクル,怖,,neg
震え出す,フルエダス,怖,,neg
震える,フルエル,怖ふ焦,,neg
憤慨,フンガイ,怒,,neg
奮起,フンキ,興,,pos
憤激,フンゲキ,怒,,neg
憤死,フンシ,怒,,neg
憤然,フンゼン,怒,,neg
奮然,フンゼン,怒,,neg
憤怒,フンヌ,怒,,neg
憤懣,フンマン,怒,,neg
ぶうぶう,ブウブウ,不,,neg
不格好,ブカッコウ,不,,neg
無様,ブザマ,憐見,,neg
憮然,ブゼン,不残驚,,neg
物騒,ブッソウ,ふ不心,,neg
仏頂面,ブッチョウズラ,不嫌怒,,neg
ぶつくさ,ブツクサ,不,,neg
ぶるぶる,ブルブル,怖ふ,,neg
無礼,ブレイ,怒,,neg
ぷいと,プイト,怒,,neg
ぷりぷり,プリプリ,怒,,neg
ぷんぷん,プンプン,怒,,neg
平安,ヘイアン,穏,,neg
平穏,ヘイオン,穏,,neg
平気,ヘイキ,安,,pos
閉口,ヘイコウ,困,,neg
平静,ヘイセイ,穏,,neg
平然,ヘイゼン,穏,,neg
へいちゃら,ヘイチャラ,穏,,neg
辟易,ヘキエキ,怒悔,,neg
臍を曲げる,ヘソヲマゲル,怒不,,neg
下手糞,ヘタクソ,不,,neg
下手の横好き,ヘタノヨコズキ,好,,pos
反吐,ヘド,嫌,,neg
へどもど,ヘドモド,困,,neg
偏愛,ヘンアイ,好,,pos
べそをかく,ベソヲカク,悲辛,,neg
法悦,ホウエツ,喜,,pos
頬が火照る,ホウガホテル,恥,,neg
放心,ホウシン,驚あ,,pos
放心状態,ホウシンジョウタイ,驚あ,,pos
法楽,ホウラク,楽,,pos
頬を染める,ホウヲソメル,恥,,neg
朗か,ホガラカ,安,,pos
北叟笑む,ホクソエム,安,,pos
ほくほく,ホクホク,喜,,pos
誇らしい,ホコラシイ,誇,,pos
誇らしさ,ホコラシサ,誇,,pos
誇り,ホコリ,誇,,pos
誇る,ホコル,誇,,pos
綻ばす,ホコロバス,誇,,pos
綻びる,ホコロビル,誇,,pos
綻ぶ,ホコロブ,誇,,pos
ほっと,ホット,安,,pos
火照る,ホテル,恥,,neg
仄仄,ホノボノ,安,,pos
微笑み,ホホエミ,喜,,pos
微笑む,ホホエム,喜,,pos
頬を染める,ホホヲソメル,恥,,neg
褒めそやす,ホメソヤス,祝見,,pos
褒め讃える,ホメタタエル,祝見,,pos
褒めちぎる,ホメチギル,祝見,,pos
褒める,ホメル,祝見,,pos
惚れ込む,ホレコム,好,,pos
惚れ惚れ,ホレボレ,好,,pos
惚れる,ホレル,好,,pos
ほろっと,ホロット,動,,pos
ほろ苦い,ホロニガイ,苦,,neg
ほろほろ,ホロホロ,切辛,,neg
ほろり,ホロリ,切辛,,neg
望外,ボウガイ,喜,,pos
呆然,ボウゼン,見,,neg
惘然,ボウゼン,見,,neg
茫然,ボウゼン,見,,neg
暴慢,ボウマン,不嫌,,neg
亡羊の嘆,ボウヨウノタン,悩,,neg
慕情,ボジョウ,尊,,pos
母性愛,ボセイアイ,親,,pos
勃然,ボツゼン,怒,,neg
ぼろぼろ,ボロボロ,苦辛,,neg
ぼんやりする,ボンヤリスル,鬱怠,,neg
ぼうっとなる,ボーットナル,鬱怠,,neg
ぽうっとなる,ポウットナル,鬱怠,,neg
ぽかんとする,ポカントスル,鬱怠,,neg
ぽろぽろ,ポロポロ,悲辛苦切,,neg
ぽろり,ポロリ,悲辛苦切,,neg
まがまがしい,マガマガシイ,ふ,,neg
間が悪い,マガワルイ,不,,neg
負け惜しみ,マケオシミ,悔見,,neg
まごつく,マゴツク,困,,neg
まごまご,マゴマゴ,困,,neg
まさかの,マサカノ,驚,,pos
不味い,マズイ,不,,neg
貧しい,マズシイ,憐見,,neg
まだるっこい,マダルッコイ,不,,neg
待ち焦がれる,マチコガレル,願興,,pos
待ち遠しい,マチドウシイ,願興,,pos
真っ暗,マックラ,不嫌ふ,,neg
真っ青,マッサオ,怖,,neg
真っ平,マッピラ,嫌,,neg
惑い,マドイ,困,,neg
惑う,マドウ,困,,neg
惑わす,マドワス,困,,neg
眩しい,マブシイ,好,,pos
眉が晴れる,マユガハレル,気,,pos
眉根を顰める,マユネオシカメル,心Ｆふ,,neg
眉を曇らす,マユヲクモラス,ふ心,,neg
眉を顰める,マユヲシカメル,心Ｆふ,,neg
眉を開く,マユヲヒラク,安気,,pos
迷い,マヨイ,悩困,,neg
迷う,マヨウ,悩困,,neg
回りくどい,マワリクドイ,不,,neg
満悦,マンエツ,喜,,pos
満更でもない,マンザラデモナイ,喜,,pos
満足,マンゾク,喜幸,,pos
満足感,マンゾクカン,喜幸,,pos
満面朱を注ぐ,マンメンシュヲソソグ,恥怒,,neg
見上げる,ミアゲル,尊,,pos
身勝手,ミガッテ,不嫌,,neg
見下す,ミクダス,見,,neg
見縊る,ミクビル,見,,neg
見苦しい,ミグルシイ,見,,neg
見事,ミゴト,動,,pos
見下げる,ミサゲル,見,,neg
惨め,ミジメ,憐見,,neg
惨めさ,ミジメサ,憐見,,neg
みすぼらしい,ミスボラシイ,不見,,neg
見づらい,ミズライ,不,,neg
見染める,ミソメル,好,,pos
満たされる,ミタサレル,幸,,pos
乱れる,ミダレル,興鬱,,pos
満ち足りる,ミチタリル,幸,,pos
みっともない,ミットモナイ,不見,,neg
みっともよくない,ミットモヨクナイ,不,,neg
見惚れる,ミトレル,好,,pos
醜い,ミニクイ,不Ｆ,,neg
見憎い,ミニクイ,不憎,,neg
身の毛が弥立つ,ミノケガヨダツ,怖,,neg
身震いがする,ミブルイガスル,怖,,neg
みみっちい,ミミッチイ,不,,neg
身悶え,ミモダエ,苦,,neg
身悶える,ミモダエル,苦,,neg
身も縮む,ミモチジム,恐,,neg
未練,ミレン,悔,,neg
未練がましい,ミレンガマシイ,悔不,,neg
身を切られる,ミヲキラレル,悲残,,neg
身を裂く,ミヲサク,悲残,,neg
むかっと,ムカット,怒,,neg
向っ腹,ムカッパラ,怒,,neg
向っ腹が立つ,ムカッパラガタツ,怒,,neg
向っ腹を立てる,ムカッパラヲタテル,怒,,neg
むかつく,ムカツク,怒,,neg
むかむか,ムカムカ,怒,,neg
無我夢中,ムガムチュウ,好,,pos
向きになる,ムキニナル,怒,,neg
無気力,ムキリョク,鬱,,neg
惨たらしい,ムゴタラシイ,憐,,neg
むさい,ムサイ,不,,neg
むさくるしい,ムサクルシイ,不,,neg
蒸し暑い,ムシアツイ,不,,neg
虫酸が走る,ムシズガハシル,嫌Ｆ,,neg
むしゃくしゃ,ムシャクシャ,怒,,neg
むずかる,ムズカル,怒,,neg
むず痒い,ムズガユイ,不,,neg
むずむず,ムズムズ,興,,pos
咽び泣き,ムセビナキ,悲辛,,neg
咽び泣く,ムセビナク,悲辛,,neg
咽ぶ,ムセブ,喜悲,,pos
噎せる,ムセル,喜悲,,pos
夢中になる,ムチュウニナル,好,,pos
むっと,ムット,怒,,neg
むつまじい,ムツマジイ,親好安,,pos
胸糞が悪い,ムナクソガワルイ,怒,,neg
胸苦しい,ムナグルシイ,苦,,neg
胸騒ぎ,ムナサワギ,ふ心,,neg
空しい,ムナシイ,寂切,,neg
虚しい,ムナシイ,寂切,,neg
虚しさ,ムナシサ,寂切,,neg
胸躍る,ムネオドル,楽興,,pos
胸を撫で下ろす,ムネオナデオロス,安,,pos
胸が熱くなる,ムネガアツクナル,動,,pos
胸が痛くなる,ムネガイタクナル,辛,,neg
胸が一杯になる,ムネガイッパイニナル,喜悲,,pos
胸がすく,ムネガスク,気,,pos
胸が潰れる,ムネガツブレル,悲ふ,,neg
胸が詰まる,ムネガツマル,苦,,neg
胸が轟く,ムネガトドロク,興,,pos
胸が弾む,ムネガハズム,楽興,,pos
胸が早鐘を打つ,ムネガハヤガネヲウツ,楽興,,pos
胸が張り裂ける,ムネガハリサケル,辛切,,neg
胸が塞がる,ムネガフサガル,ふ憐,,neg
胸が震える,ムネガフルエル,動,,pos
胸が悪い,ムネガワルイ,嫌怒Ｆ,,neg
胸につかえる,ムネニツカエル,悩鬱,,neg
胸を痛める,ムネヲイタメル,悩,,neg
胸を打たれる,ムネヲウタレル,動,,pos
胸を抉られる,ムネヲエグラレル,ふ苦,,neg
胸を躍らせる,ムネヲオドラセル,喜,,pos
胸を焦がす,ムネヲコガス,好,,pos
胸を締め付けられる,ムネヲシメツケラレル,切,,neg
胸を締められる,ムネヲシメラレル,切,,neg
胸を突かれる,ムネヲツカレル,驚,,pos
胸を膨らませる,ムネヲフクラマセル,興,,pos
無念,ムネン,残,,neg
無念さ,ムネンサ,残,,neg
無念遣る方ない,ムネンヤルカタナイ,残,,neg
むらむら,ムラムラ,興,,pos
滅入り込む,メイリコム,鬱怠,,neg
滅入る,メイル,鬱怠,,neg
迷惑,メイワク,怒,,neg
目が潤む,メガウルム,悲辛,,neg
目頭が熱くなる,メガシラガアツクナル,動,,pos
目障り,メザワリ,嫌,,neg
目尻を下げる,メジリヲサゲル,喜幸,,pos
めずらしい,メズラシイ,驚,,pos
めそめそ,メソメソ,悲,,neg
めでたい,メデタイ,祝,,pos
目に角を立てる,メニカドヲタテル,怒,,neg
眩暈,メマイ,辛,,neg
女々しい,メメシイ,不,,neg
メロメロ,メロメロ,好,,pos
目を白黒させる,メヲシロクロサセル,驚,,pos
目をパチクリさせる,メヲパチクリサセル,驚,,pos
眼を伏せる,メヲフセル,驚憐,,pos
目を細める,メヲホソメル,喜,,pos
目を丸くする,メヲマルクスル,驚,,pos
目を瞠る,メヲミハル,驚,,pos
目を剥く,メヲムク,怒,,neg
面食らう,メンクラウ,驚焦,,pos
面倒い,メンドイ,不,,neg
面倒,メンドウ,不,,neg
面倒臭い,メンドウクサイ,不,,neg
面目無い,メンボクナイ,恥,,neg
盲愛,モウアイ,好親,,pos
申し分ない,モウシブンナイ,動,,pos
申し訳ない,モウシワケナイ,謝,,neg
燃え尽きる,モエツキル,鬱,,neg
もじもじする,モジモジスル,恥,,neg
悶え,モダエ,苦,,neg
悶える,モダエル,苦,,neg
もどかしい,モドカシイ,怒,,neg
もどかしがる,モドカシガル,怒,,neg
もどかしさ,モドカシサ,怒,,neg
物哀れ,モノアワレ,憐,,neg
物憂い,モノウイ,鬱,,neg
懶い,モノウイ,鬱,,neg
懶さ,モノウサ,鬱,,neg
物怖じ,モノオジ,恐,,neg
物恐ろしい,モノオソロシイ,怖,,neg
物思い,モノオモイ,悩,,neg
物悲しい,モノガナシイ,悲,,neg
物悲しさ,モノガナシサ,悲,,neg
物淋しい,モノサビシイ,寂,,neg
物寂しい,モノサビシイ,寂,,neg
物騒がしい,モノサワガシイ,不,,neg
物足りない,モノタリナイ,不,,neg
物足りなさ,モノタリナサ,不,,neg
貰い泣き,モライナキ,悲辛喜,,neg
文句を言う,モンクヲイウ,不,,neg
悶絶,モンゼツ,苦,,neg
悶悶,モンモン,苦,,neg
喧しい,ヤカマシイ,不怒,,neg
やきもき,ヤキモキ,怒,,neg
焼き餅を焼く,ヤキモチヲヤク,妬,,neg
妬く,ヤク,妬,,neg
自棄糞,ヤケクソ,怒,,neg
灼け爛れる,ヤケタダレル,辛苦,,neg
妬ける,ヤケル,妬,,neg
灼ける,ヤケル,辛苦,,neg
安らか,ヤスラカ,安,,pos
安らかさ,ヤスラカサ,安,,pos
安らぎ,ヤスラギ,安,,pos
安らぐ,ヤスラグ,安,,pos
ヤダー,ヤダー,嫌,,neg
やっかい,ヤッカイ,不,,neg
やっかみ,ヤッカミ,不,,neg
やっかむ,ヤッカム,不,,neg
躍起,ヤッキ,怒,,neg
ヤッター,ヤッター,喜,,pos
八つ当たり,ヤツアタリ,怒,,neg
破れかぶれ,ヤブレカブレ,怒,,neg
野暮ったい,ヤボッタイ,不,,neg
疚しい,ヤマシイ,恥,,neg
やむ無い,ヤムナイ,悔,,neg
やむを得ない,ヤムヲエナイ,悔,,neg
ややこしい,ヤヤコシイ,不,,neg
遣り切れない,ヤリキレナイ,悔,,neg
遣る瀬ない,ヤルセナイ,悔,,neg
遣る瀬なさ,ヤルセナサ,悔,,neg
やれやれ,ヤレヤレ,見あ,,neg
友愛,ユウアイ,安親,,pos
憂鬱,ユウウツ,鬱,,neg
憂鬱感,ユウウツカン,鬱,,neg
憂患,ユウカン,悩,,neg
友誼,ユウギ,親,,pos
憂苦,ユウク,鬱苦心,,neg
友好,ユウコウ,親,,pos
憂国,ユウコク,鬱,,neg
憂思,ユウシ,鬱,,neg
憂愁,ユウシュウ,悲鬱,,neg
幽愁,ユウシュウ,鬱,,neg
憂色,ユウショク,ふ心,,neg
憂心,ユウシン,ふ鬱,,neg
友情,ユウジョウ,親,,pos
悠然,ユウゼン,安穏,,pos
悠長,ユウチョウ,安穏,,pos
憂憤,ユウフン,怒鬱,,neg
憂悶,ユウモン,悩苦心,,neg
勇躍,ユウヤク,興,,pos
悠悠,ユウユウ,安穏,,pos
悠悠閑閑,ユウユウカンカン,安穏,,pos
悠揚,ユウヨウ,安穏,,pos
憂慮,ユウリョ,ふ心,,neg
愉悦,ユエツ,喜,,pos
愉快,ユカイ,楽,,pos
揺さ振る,ユサブル,動,,pos
揺す振る,ユスブル,動,,pos
愉楽,ユラク,喜楽,,pos
揺らぐ,ユラグ,動,,pos
揺らめく,ユラメク,動,,pos
ゆらゆら,ユラユラ,穏,,neg
ゆらり,ユラリ,穏,,neg
揺るがす,ユルガス,驚怖,,pos
揺るがない,ユルガナイ,尊,,pos
揺るぎ無い,ユルギナイ,尊,,pos
揺るぐ,ユルグ,鬱,,neg
揺れ,ユレ,鬱,,neg
揺れる,ユレル,動,,pos
好い感情を持つ,ヨイカンジョウヲモツ,好,,pos
好い気持ちがしない,ヨイキモチガシナイ,Ｆ嫌,,neg
好い気持ちはしない,ヨイキモチハシナイ,Ｆ,,neg
好い心持ち,ヨイココロモチ,好気,,pos
好い心持ちはしない,ヨイココロモチワシナイ,Ｆ,,neg
酔う,ヨウ,好,,pos
良かった,ヨカッタ,喜,,pos
好く,ヨク,好,,pos
抑鬱,ヨクウツ,鬱,,neg
欲情,ヨクジョウ,好,,pos
邪,ヨコシマ,嫌不,,neg
横恋慕,ヨコレンボ,好,,pos
慶福,ヨシトミ,祝喜,,pos
好,ヨシミ,好,,pos
よっしゃ,ヨッシャ,喜,,pos
余憤,ヨフン,怒,,neg
喜ばしい,ヨロコバシイ,喜,,pos
喜ばしい訳はない,ヨロコバシイワケワナイ,怒不,,neg
喜ばしさ,ヨロコバシサ,喜,,pos
喜,ヨロコビ,喜,,pos
喜び,ヨロコビ,喜,,pos
喜び狂う,ヨロコビクルウ,喜,,pos
喜ぶ,ヨロコブ,喜,,pos
弱り切る,ヨワリキル,鬱怠,,neg
弱り果てる,ヨワリハテル,鬱怠,,neg
弱る,ヨワル,鬱,,neg
楽,ラク,楽,,pos
落胆,ラクタン,失残,,neg
楽ちん,ラクチン,喜,,pos
落莫,ラクバク,寂,,neg
楽楽,ラクラク,喜,,pos
落涙,ラクルイ,悲辛,,neg
ラッキー,ラッキー,幸喜,,pos
理屈っぽい,リクツッポイ,不,,neg
離愁,リシュウ,悲,,neg
立腹,リップク,怒,,neg
慄然,リツゼン,怖,,neg
溜飲が下がる,リュウインガサガル,安,,pos
良好,リョウコウ,穏,,neg
良心が痛む,リョウシンガイタム,憐辛,,neg
慮外,リョガイ,驚,,pos
旅愁,リョシュウ,鬱,,neg
ルンルン,ルンルン,喜幸,,pos
冷静,レイセイ,安,,pos
恋愛,レンアイ,切好,,neg
恋情,レンジョウ,切好,,neg
廉恥,レンチ,恥,,neg
憐憫,レンビン,憐,,neg
恋慕,レンボ,好,,pos
恋恋,レンレン,悔,,neg
労苦,ロウク,苦辛,,neg
狼狽,ロウバイ,焦,,neg
我がまま,ワガママ,不嫌怒,,neg
沸き返る,ワキカエル,興怒,,pos
沸き立つ,ワキタツ,興,,pos
惑溺,ワクデキ,困,,neg
惑乱,ワクラン,鬱,,neg
わくわく,ワクワク,楽興,,pos
煩い,ワズライ,不,,neg
煩う,ワズラウ,不,,neg
煩わしい,ワズラワシイ,不,,neg
煩わす,ワズラワス,不,,neg
蟠り,ワダカマリ,不嫌,,neg
蟠る,ワダカマル,不嫌,,neg
わっ,ワッ,驚,,pos
戦慄き,ワナナキ,怖,,neg
戦慄く,ワナナク,怖,,neg
わなわな,ワナワナ,怖怒,,neg
詫びしい,ワビシイ,辛ふ,,neg
佗びしい,ワビシイ,辛ふ,,neg
佗びしがる,ワビシガル,辛ふ,,neg
佗びしさ,ワビシサ,辛ふ,,neg
詫びる,ワビル,謝,,neg
笑い,ワライ,楽喜楽,,pos
笑い顔,ワライガオ,楽喜楽,,pos
笑う,ワラウ,楽喜楽,,pos
悪い,ワルイ,嫌,,neg
悪い気がしない,ワルイキガシナイ,楽喜楽,,pos
悪賢い,ワルガシコイ,不嫌,,neg
悪びれる,ワルビレル,恥,,neg
我を忘れる,ワレオワスレル,好,,pos
わぁ,ワー,驚,,pos
わーい,ワーイ,喜,,pos
